<?xml version="1.0" encoding="UTF-8"?>

<recipeml version="0.5">
  <recipe>
    <head>
      <title>Barbecue Time Baked Beans</title>
      <categories>
        <cat>Side dish</cat></categories>
      <yield>8</yield></head>
    <ingredients>
      <ing>
        <amt>
          <qty>1</qty>
          <unit>pound</unit></amt>
        <item>Dried navy beans</item></ing>
      <ing>
        <amt>
          <qty>2</qty>
          <unit>tablespoons</unit></amt>
        <item>Vegetable oil</item></ing>
      <ing>
        <amt>
          <qty>2</qty>
          <unit>medium</unit></amt>
        <item>Onions, cut into small dice</item></ing>
      <ing>
        <amt>
          <qty>1</qty>
          <unit>can</unit></amt>
        <item>Italian plum tomatoes, drained and coarsely chopped (28 oz; reserve 1/2 cup juices)</item></ing>
      <ing>
        <amt>
          <qty>1/2</qty>
          <unit>cups</unit></amt>
        <item>Ketchup</item></ing>
      <ing>
        <amt>
          <qty>1/4</qty>
          <unit>cups</unit></amt>
        <item>Dark molasses</item></ing>
      <ing>
        <amt>
          <qty>1/2</qty>
          <unit>cups</unit></amt>
        <item>Dark brown sugar</item></ing>
      <ing>
        <amt>
          <qty>2</qty>
          <unit>tablespoons</unit></amt>
        <item>Worcestershire sauce</item></ing>
      <ing>
        <amt>
          <qty>1/2</qty>
          <unit>teaspoons</unit></amt>
        <item>Dry mustard</item></ing>
      <ing>
        <amt>
          <qty/>
          <unit/></amt>
        <item>Salt to taste</item></ing>
      <ing>
        <amt>
          <qty/>
          <unit/></amt>
        <item>Freshly ground black pepper to taste</item></ing></ingredients>
    <directions>
      <step>  The secret to tender baked beans is to leave the salt out until they
  are finished cooking. For some reason, salt toughens them. To pamper
  your tummy, rinse off the beans when they are finished soaking in
  several changes of cold water. This recipe is easy to prepare ahead
  and cooks in only two hours.
  
  1. Place the beans in a bowl, cover with cold water and soak
  overnight. Drain and rinse beans very well under cold water.
  
  2. Place the beans in a large, heavy pot. Add enough water to cover
  the beans by 2". Bring water to a boil, reduce heat to a simmer and
  cook for 45 minutes, or until beans are tender but not mushy. Skim
  off any foam that rises to the surface. Drain the beans.
  
  3. Place the oil in a large, heavy ovenproof casserole. Add the
  onions and wilt over medium-low heat until transluscent. Remove from
  heat and stir in the beans.
  
  4. Stir in the tomatoes and reserved juices along with all remaining
  ingredients except the salt and pepper.
  
  5. Bake, covered, for 45 minutes. Uncover and bake for 30 minutes
  more. Season to taste with salt and pepper.
  
  Per serving: 327 calories, 5 grams fat, no cholesterol.
  
  From Tuscon area newspapers, 1994, 3rd quarter, courtest Mike Orchekowski.
  File ftp://ftp.idiscover.co.uk/pub/food/mealmaster/recipes/tn-94q3.zip
 
</step></directions></recipe></recipeml>
