<?xml version="1.0" encoding="UTF-8"?>

<recipeml version="0.5">
  <recipe>
    <head>
      <title>Barbecue Sauce (Prepared)</title>
      <categories>
        <cat/></categories>
      <yield>100</yield></head>
    <ingredients/>
    <directions>
      <step>  1.  HEAT TO SERVING TEMPERATURE.
  
  Recipe Number: O00201
  
  SERVING SIZE: 1/4 CUP
  
  From the &lt;Army Master Recipe Index File&gt; (actually used today!).
  Downloaded from Glen's MM Recipe Archive, http://www.erols.com/hosey.
 
</step></directions></recipe></recipeml>
