<?xml version="1.0" encoding="UTF-8"?>

<recipeml version="0.5">
  <recipe>
    <head>
      <title>Barbequed Pork Strips</title>
      <categories>
        <cat>Barbeque</cat>
        <cat>Appetizers</cat>
        <cat>Main dish</cat>
        <cat>Meats</cat></categories>
      <yield>4</yield></head>
    <ingredients>
      <ing>
        <amt>
          <qty>3</qty>
          <unit>cups</unit></amt>
        <item>Rice Krispies crushed 1-1/2c</item></ing>
      <ing>
        <amt>
          <qty>1</qty>
          <unit>teaspoon</unit></amt>
        <item>Mesquite chicken seasoning</item></ing>
      <ing>
        <amt>
          <qty>1/2</qty>
          <unit>cups</unit></amt>
        <item>Barbeque sauce</item></ing>
      <ing>
        <amt>
          <qty>3</qty>
          <unit>tablespoons</unit></amt>
        <item>Apple juice</item></ing>
      <ing>
        <amt>
          <qty>1/4</qty>
          <unit>cups</unit></amt>
        <item>Flour</item></ing>
      <ing>
        <amt>
          <qty>1</qty>
          <unit>pound</unit></amt>
        <item>Boneless pork chops 1/2"thik</item></ing>
      <ing>
        <amt>
          <qty/>
          <unit/></amt>
        <item>Vegetable cooking spray</item></ing></ingredients>
    <directions>
      <step>  In a shallow bowl mix in mesquite seasoning with rice krispies. Set aside.
  In a small bowl mix bbq sauce and apple juice. Set aside. Place flour in
  another shallow bowl. Set aside. Trim fat off chops and cut into 2 to 3"
  long strips. Coat pork with flour, shake off excess. Dip strips in sauce to
  coat and then roll in cereal. Place in a single layer on a foil lined
  cookie sheet that has been coated with vegetable cooking spray. Bake in a
  400~ over for approx 10 to 12 mins or until pork is tender and no longer
  pink. Do not cover or turn pork during baking. Serve hot. Makes a great
  appetizer served with duck sauce. Formatted by jayne@idt.net
  Posted to MM-Recipes Digest V5 #028 by Jayne Oake &lt;jayne@idt.net&gt; on Jan
  28, 1998
 
</step></directions></recipe></recipeml>
