<?xml version="1.0" encoding="UTF-8"?>

<recipeml version="0.5">
  <recipe>
    <head>
      <title>Barbecue Sauce</title>
      <categories>
        <cat>Dean</cat>
        <cat>Fearing</cat></categories>
      <yield>8</yield></head>
    <ingredients>
      <ing>
        <amt>
          <qty>2</qty>
          <unit>tablespoons</unit></amt>
        <item>Oil</item></ing>
      <ing>
        <amt>
          <qty>4</qty>
          <unit>cups</unit></amt>
        <item>Chopped onions</item></ing>
      <ing>
        <amt>
          <qty>1/4</qty>
          <unit>cups</unit></amt>
        <item>Fresh jalapenos minced</item></ing>
      <ing>
        <amt>
          <qty>1/4</qty>
          <unit>cups</unit></amt>
        <item>Fresh serranos minced</item></ing>
      <ing>
        <amt>
          <qty>15</qty>
          <unit/></amt>
        <item>Cloves garlic; minced</item></ing>
      <ing>
        <amt>
          <qty>2</qty>
          <unit>cups</unit></amt>
        <item>Ketchup</item></ing>
      <ing>
        <amt>
          <qty>1</qty>
          <unit>cup</unit></amt>
        <item>Worcestershire sauce</item></ing>
      <ing>
        <amt>
          <qty>1</qty>
          <unit>cup</unit></amt>
        <item>Strong black coffee</item></ing>
      <ing>
        <amt>
          <qty>2/3</qty>
          <unit>cups</unit></amt>
        <item>Dark brown sugar</item></ing>
      <ing>
        <amt>
          <qty>1/2</qty>
          <unit>cups</unit></amt>
        <item>Cider vinegar</item></ing>
      <ing>
        <amt>
          <qty>1/2</qty>
          <unit>cups</unit></amt>
        <item>Lemon juice</item></ing>
      <ing>
        <amt>
          <qty>6</qty>
          <unit>tablespoons</unit></amt>
        <item>Chili powder</item></ing>
      <ing>
        <amt>
          <qty>3</qty>
          <unit>tablespoons</unit></amt>
        <item>Prepared yellow mustard</item></ing>
      <ing>
        <amt>
          <qty>1</qty>
          <unit>tablespoon</unit></amt>
        <item>Salt</item></ing></ingredients>
    <directions>
      <step>  In a saucepan, heat the oil. Add the onions, jalapenos, serranos, and
  garlic, and cook them over low heat until soft. Add everything else, cover
  the pan, and simmer 40 minutes. Allow the mixture to cool to room
  temperature.
  
  Strain out the remaining solids, liquify them in a food processor, and add
  them back to the strained liquid, stirring thoroughly. Set the sauce aside
  for several hours before serving to permit flavors to blend.
  
  Refrigerate the sauce, covered, and use it as needed. It will keep for
  weeks.
  
  Yield: 8 cups
  
  Formatted by suechef@sover.net
  
  Recipe by: DEAN FEARING SHOW #HE1A02
  
  Posted to MC-Recipe Digest V1 #789 by Sue &lt;suechef@sover.net&gt; on Sep 18,
  1997
 
</step></directions></recipe></recipeml>
