<?xml version="1.0" encoding="UTF-8"?>

<recipeml version="0.5">
  <recipe>
    <head>
      <title>Barbequed Garlic Chicken</title>
      <categories>
        <cat>Poultry</cat>
        <cat>Bar-b-q</cat></categories>
      <yield>6</yield></head>
    <ingredients>
      <ing>
        <amt>
          <qty>3</qty>
          <unit>pounds</unit></amt>
        <item>Roasting Chicken</item></ing>
      <ing>
        <amt>
          <qty>3</qty>
          <unit>teaspoons</unit></amt>
        <item>Garlic, chopped</item></ing>
      <ing>
        <amt>
          <qty>2</qty>
          <unit>teaspoons</unit></amt>
        <item>Salt</item></ing>
      <ing>
        <amt>
          <qty>2</qty>
          <unit>tablespoons</unit></amt>
        <item>Black Peppercorns</item></ing>
      <ing>
        <amt>
          <qty>1</qty>
          <unit>cup</unit></amt>
        <item>Fresh Coriander, chopped</item></ing>
      <ing>
        <amt>
          <qty>2</qty>
          <unit>tablespoons</unit></amt>
        <item>Lime Juice</item></ing>
      <ing>
        <amt>
          <qty/>
          <unit/></amt>
        <item>Tomatoes</item></ing>
      <ing>
        <amt>
          <qty/>
          <unit/></amt>
        <item>Scallions</item></ing></ingredients>
    <directions>
      <step>  Cut chicken in half lengthwise, and remove bones, if
  desired. Crush the garlic with salt into a smooth
  puree. Coarsely crush the peppercorns with a mortar
  and pedestal or blender. Combine in a flat dish with
  the coriander, and lime juice. Rub the mixture well
  into the chicken on all sides, cover and refrigerate
  overnight or at least one hour.
  BBQ chicken over glowing coals, turning about every 5
  minutes, until chicken is no longer pink and the skin
  is crisp. Garnish with tomatoes and curls of
  scallions. Serve with a salad of cucumber, scallions
  and tomatoes, seasoned with lime and salt.
  
  From Gemini's MASSIVE MealMaster collection at www.synapse.com/~gemini
 
</step></directions></recipe></recipeml>
