<?xml version="1.0" encoding="UTF-8"?>

<recipeml version="0.5">
  <recipe>
    <head>
      <title>Barbecue Venison Chops</title>
      <categories>
        <cat>Wild game</cat>
        <cat>Bar-b-q</cat></categories>
      <yield>4</yield></head>
    <ingredients>
      <ing>
        <amt>
          <qty>20</qty>
          <unit/></amt>
        <item>Venison chops</item></ing>
      <ing>
        <amt>
          <qty>6</qty>
          <unit>ounces</unit></amt>
        <item>Beer</item></ing>
      <ing>
        <amt>
          <qty>1</qty>
          <unit>large</unit></amt>
        <item>Onion, chopped</item></ing>
      <ing>
        <amt>
          <qty>4</qty>
          <unit/></amt>
        <item>Pats of butter</item></ing>
      <ing>
        <amt>
          <qty>2</qty>
          <unit>ounces</unit></amt>
        <item>Garlic</item></ing></ingredients>
    <directions>
      <step>  Place aluminum foil on hot grill with sides folded up,
  so there is no runoff of juices.  Place chops on foil.
  Add beer, chopped onion and butter. Sprinkle garlic
  salt on chops each time you turn them.  When chops are
  done, remove foil from grill.  Place chops back on
  grill and sprinkle with garlic salt each time you turn
  them until charcoal black.
  
  From Gemini's MASSIVE MealMaster collection at www.synapse.com/~gemini
 
</step></directions></recipe></recipeml>
