<?xml version="1.0" encoding="UTF-8"?>

<recipeml version="0.5">
  <recipe>
    <head>
      <title>Barbecue Soy Burgers</title>
      <categories>
        <cat>Veg-cook</cat>
        <cat>August</cat></categories>
      <yield>4</yield></head>
    <ingredients>
      <ing>
        <amt>
          <qty>1</qty>
          <unit>small</unit></amt>
        <item>Onion; minced</item></ing>
      <ing>
        <amt>
          <qty>2</qty>
          <unit/></amt>
        <item>Garlic cloves; mashed</item></ing>
      <ing>
        <amt>
          <qty>2</qty>
          <unit>tablespoons</unit></amt>
        <item>Butter or margarine</item></ing>
      <ing>
        <amt>
          <qty>2</qty>
          <unit>cups</unit></amt>
        <item>Cooked soybeans; drained</item></ing>
      <ing>
        <amt>
          <qty>1/2</qty>
          <unit>cups</unit></amt>
        <item>Fine bread crumbs</item></ing>
      <ing>
        <amt>
          <qty>1</qty>
          <unit/></amt>
        <item>Egg</item></ing>
      <ing>
        <amt>
          <qty>2</qty>
          <unit>tablespoons</unit></amt>
        <item>Soy sauce</item></ing>
      <ing>
        <amt>
          <qty>2</qty>
          <unit>tablespoons</unit></amt>
        <item>Sesame seeds</item></ing></ingredients>
    <directions>
      <step>  These nutty burgers are a barbecue favorite, great on whole-wheat onion bun
  with the traditional toppings of tomato, cheese, lettuce and so on. Freshly
  ground black pepper to taste In a small pan, saute onion and garlic in butt
  or margarine, and cook until translucent. Set aside. In food processor, whi
  beans, bread crumbs, egg, soy sauce and sesame seeds to a coarse meal.
  Transfer to a medium bowl, add garlic- onion mixture and black pepper, and
  mix well. Shape into 4 patties. Heat on grill till brown, giving them about
        5    minutes each side.
  
  From: garhow@hpubmaa.esr.HP.COM (Garry Howard).  rfvc Digest V94 Issue
  #181, Aug. 26, 1994. Formatted by Sue Smith, S.Smith34, TXFT40A@Prodigy.com
  
  File ftp://ftp.idiscover.co.uk/pub/food/mealmaster/recipes/vegcook1.zip
 
</step></directions></recipe></recipeml>
