<?xml version="1.0" encoding="UTF-8"?>

<recipeml version="0.5">
  <recipe>
    <head>
      <title>Barbequed Chicken</title>
      <categories>
        <cat>Main</cat></categories>
      <yield>1</yield></head>
    <ingredients>
      <ing>
        <amt>
          <qty>1</qty>
          <unit/></amt>
        <item>Split fryer chicken</item></ing>
      <ing>
        <amt>
          <qty/>
          <unit/></amt>
        <item>White vinegar</item></ing>
      <ing>
        <amt>
          <qty>5</qty>
          <unit>teaspoons</unit></amt>
        <item>Salt</item></ing>
      <ing>
        <amt>
          <qty>2</qty>
          <unit>teaspoons</unit></amt>
        <item>Dry mustard</item></ing>
      <ing>
        <amt>
          <qty>2</qty>
          <unit>teaspoons</unit></amt>
        <item>Coarse grind garlic powder</item></ing>
      <ing>
        <amt>
          <qty>2</qty>
          <unit>teaspoons</unit></amt>
        <item>Cracked black pepper</item></ing>
      <ing>
        <amt>
          <qty>2</qty>
          <unit>teaspoons</unit></amt>
        <item>MSG</item></ing>
      <ing>
        <amt>
          <qty>1</qty>
          <unit>teaspoon</unit></amt>
        <item>Crushed thyme</item></ing>
      <ing>
        <amt>
          <qty>1</qty>
          <unit>teaspoon</unit></amt>
        <item>Celery salt</item></ing>
      <ing>
        <amt>
          <qty>1/2</qty>
          <unit>teaspoons</unit></amt>
        <item>Dried ground lemon peel</item></ing></ingredients>
    <directions>
      <step>  I let the chicken stand in the fridge for a good hour before cooking on the
  Weber with a combination of charcoal and hickory (plain tap water in the
  drip pan.) I personally thought it was a tad bit on the salty side, but the
  family said it was fine. Must have been me. Next time I might back off some
  on the plain salt and the garlic powder and make up the difference with
  Lawry's (Coarse Ground with Parsley) Garlic Salt, which I happen to like a
  lot.
  
  NOTES : The weather finally warmed up around here (Eastern Nebraska) long
  enough to allow for barbequing some chicken this past Saturday. I let a
  split fryer sit in white vinegar for twenty minutes or so, turning a few
  times. Next I coated the halves with olive oil. Then I sprinkled on this
  rub (makes plenty for one split fryer):
  Recipe by: Craig Edmundson
  
  Posted to recipelu-digest by molony &lt;molony@scsn.net&gt; on Feb 04, 1998
 
</step></directions></recipe></recipeml>
