<?xml version="1.0" encoding="UTF-8"?>

<recipeml version="0.5">
  <recipe>
    <head>
      <title>Barbeque Rub (Kcbs)</title>
      <categories>
        <cat>Rubs</cat></categories>
      <yield>1</yield></head>
    <ingredients>
      <ing>
        <amt>
          <qty>2</qty>
          <unit>cups</unit></amt>
        <item>Sugar</item></ing>
      <ing>
        <amt>
          <qty>1/4</qty>
          <unit>cups</unit></amt>
        <item>Paprika</item></ing>
      <ing>
        <amt>
          <qty>2</qty>
          <unit>teaspoons</unit></amt>
        <item>Chili Powder</item></ing>
      <ing>
        <amt>
          <qty>1/2</qty>
          <unit>teaspoons</unit></amt>
        <item>Cayenne</item></ing>
      <ing>
        <amt>
          <qty>1/2</qty>
          <unit>cups</unit></amt>
        <item>Salt</item></ing>
      <ing>
        <amt>
          <qty>2</qty>
          <unit>teaspoons</unit></amt>
        <item>Black Pepper</item></ing>
      <ing>
        <amt>
          <qty>1</qty>
          <unit>teaspoon</unit></amt>
        <item>Garlic Powder</item></ing></ingredients>
    <directions>
      <step>  Combine all ingredients and use as a rub for any barbequed meat.
  
  Source: Kansas City Barbeque Society, The Passion of Barbeque - ----- -
  ~----------------------------------------------------------------
  :       Please Visit the Hot and Spicy Cooking Page
                 http://www.teleport.com/~cstarz/
  :            ftp://ftp.teleport.com/users/cstarz Now has over 7500+ recipes
  for sauces, marinades, spice mixtures,
      seafood, sausages, dry-rubs, appetizers and Barbeque, etc.
  Download/Upload Areas, Meal-Master(tm) and other programs etc. -
  ~----------------------------------------------------------------
  Posted to bbq-digest V2 #040
  
  Date: Mon, 22 Jul 1996 07:11:16 -0700
  
  From: cstarz@teleport.com (Carey Starzinger)
 
</step></directions></recipe></recipeml>
