<?xml version="1.0" encoding="UTF-8"?>

<recipeml version="0.5">
  <recipe>
    <head>
      <title>Barbecups</title>
      <categories>
        <cat>None</cat></categories>
      <yield>1</yield></head>
    <ingredients>
      <ing>
        <amt>
          <qty>1/2</qty>
          <unit>pounds</unit></amt>
        <item>Ground beef</item></ing>
      <ing>
        <amt>
          <qty>1/4</qty>
          <unit>cups</unit></amt>
        <item>Barbecue sauce</item></ing>
      <ing>
        <amt>
          <qty>1</qty>
          <unit>teaspoon</unit></amt>
        <item>Minced onions</item></ing>
      <ing>
        <amt>
          <qty>1</qty>
          <unit>teaspoon</unit></amt>
        <item>Brown sugar</item></ing>
      <ing>
        <amt>
          <qty>1</qty>
          <unit>can</unit></amt>
        <item>Your favorite biscuits</item></ing>
      <ing>
        <amt>
          <qty>1/2</qty>
          <unit>cups</unit></amt>
        <item>Shredded chedar</item></ing></ingredients>
    <directions>
      <step>  Servings: makes 6 cups.
  
  Brown groundbeef in large skilet. Drain and add barbecue sauce, onions
  brown sugar. Sat aside. Separate and place 6 biscuits in muffin tins
  pressing dough up sides of cups. Spoon in meat mixture. Sprinkle with
  cheese. Bake at 400 for 10 to 12 min.
  
  Posted to recipelu-digest by Willie Phipps &lt;williep@complink.net&gt; on Mar
  06, 1998
 
</step></directions></recipe></recipeml>
