<?xml version="1.0" encoding="UTF-8"?>

<recipeml version="0.5">
  <recipe>
    <head>
      <title>Barbecue Sauce (Mrs Lucille Millslagle)</title>
      <categories>
        <cat>None</cat></categories>
      <yield>1</yield></head>
    <ingredients>
      <ing>
        <amt>
          <qty>1</qty>
          <unit>small</unit></amt>
        <item>Bottle lemon soda</item></ing>
      <ing>
        <amt>
          <qty>2</qty>
          <unit>tablespoons</unit></amt>
        <item>Worcestershire Sauce</item></ing>
      <ing>
        <amt>
          <qty>1</qty>
          <unit/></amt>
        <item>Bottle catsup</item></ing>
      <ing>
        <amt>
          <qty>2</qty>
          <unit>tablespoons</unit></amt>
        <item>Sugar</item></ing>
      <ing>
        <amt>
          <qty>1</qty>
          <unit>tablespoon</unit></amt>
        <item>Butter</item></ing>
      <ing>
        <amt>
          <qty>1</qty>
          <unit>tablespoon</unit></amt>
        <item>Vinegar</item></ing>
      <ing>
        <amt>
          <qty>1</qty>
          <unit>teaspoon</unit></amt>
        <item>Salt</item></ing>
      <ing>
        <amt>
          <qty/>
          <unit/></amt>
        <item>Crushed red pepper to taste</item></ing>
      <ing>
        <amt>
          <qty>1</qty>
          <unit>teaspoon</unit></amt>
        <item>Minced garlic</item></ing>
      <ing>
        <amt>
          <qty>Bring</qty>
          <unit>to</unit></amt>
        <item>a boil and simmer until thick, about 30 to 45 minutes. Keeps well</item></ing></ingredients>
    <directions>
      <step>  in the refrigerator. From "What's Cookin In Sheffield" compiled by Womens
  Missionary Society of Wesleyan Methodist Church, Sheffield, Illinois dated
  1956.
  
  I add a little black pepper for balance, not a bad basic sauce.
  
  Posted to bbq-digest by mike moberley &lt;lonechimney@earthlink.net&gt; on Mar
  22, 1998
 
</step></directions></recipe></recipeml>
