<?xml version="1.0" encoding="UTF-8"?>

<recipeml version="0.5">
  <recipe>
    <head>
      <title>Barefoot and Pregnant By San Diego Princess Hotel Barefoo</title>
      <categories>
        <cat>Beverages</cat></categories>
      <yield>1</yield></head>
    <ingredients>
      <ing>
        <amt>
          <qty>1/2</qty>
          <unit>cups</unit></amt>
        <item>Frozen yogurt, cappuccino flavor</item></ing>
      <ing>
        <amt>
          <qty>2</qty>
          <unit>ounces</unit></amt>
        <item>Sparkling water, plain</item></ing>
      <ing>
        <amt>
          <qty>2</qty>
          <unit>tablespoons</unit></amt>
        <item>Raspberry daiquiri mix</item></ing>
      <ing>
        <amt>
          <qty/>
          <unit/></amt>
        <item>Splash of non-alcoholic mint flavored liqueur</item></ing></ingredients>
    <directions>
      <step>  Quickly blend and serve.  Garnish with a cherry and fresh mint leaves.
  
  File ftp://ftp.idiscover.co.uk/pub/food/mealmaster/recipes/mmdjaxxx.zip
 
</step></directions></recipe></recipeml>
