<?xml version="1.0" encoding="UTF-8"?>

<recipeml version="0.5">
  <recipe>
    <head>
      <title>Barfi (Nut Based Dessert)</title>
      <categories>
        <cat>Indian</cat>
        <cat>Vegetarian</cat>
        <cat>Desserts</cat></categories>
      <yield>4</yield></head>
    <ingredients>
      <ing>
        <amt>
          <qty>1</qty>
          <unit>cup</unit></amt>
        <item>Almond, ground</item></ing>
      <ing>
        <amt>
          <qty>1</qty>
          <unit>cup</unit></amt>
        <item>Cashews, unsalted &amp; ground</item></ing>
      <ing>
        <amt>
          <qty>1</qty>
          <unit>cup</unit></amt>
        <item>Sugar</item></ing>
      <ing>
        <amt>
          <qty>13</qty>
          <unit>ounces</unit></amt>
        <item>Evaporated milk</item></ing>
      <ing>
        <amt>
          <qty>1/2</qty>
          <unit/></amt>
        <item>Stick of Butter</item></ing></ingredients>
    <directions>
      <step>  Melt 1/2 stick of butter in a heavy skillet.  Add milk.  Stirring
  constantly, bring to a boil.
  
  Low heat and cook until milk thickens.  Add nuts and sugar.  Stir.  Cook
  for 10 mins.  Turn off heat.
  
  Pour mixture on to a flat dish and spread evenly with the back of a spoon.
  Cool.  Cut into small squares.
  
  File ftp://ftp.idiscover.co.uk/pub/food/mealmaster/recipes/20indian.zip
 
</step></directions></recipe></recipeml>
