<?xml version="1.0" encoding="UTF-8"?>

<recipeml version="0.5">
  <recipe>
    <head>
      <title>Barfi Badam (Almond Cream Sweetmeat)</title>
      <categories>
        <cat>Desserts</cat>
        <cat>Indian</cat></categories>
      <yield>16</yield></head>
    <ingredients>
      <ing>
        <amt>
          <qty>4</qty>
          <unit>cups</unit></amt>
        <item>Milk</item></ing>
      <ing>
        <amt>
          <qty>3/4</qty>
          <unit>cups</unit></amt>
        <item>Sugar</item></ing>
      <ing>
        <amt>
          <qty>125</qty>
          <unit>grams</unit></amt>
        <item>Blanched almonds, pulverised</item></ing>
      <ing>
        <amt>
          <qty/>
          <unit/></amt>
        <item>In blender, or 1 cup ground</item></ing>
      <ing>
        <amt>
          <qty/>
          <unit/></amt>
        <item>Almonds</item></ing>
      <ing>
        <amt>
          <qty/>
          <unit/></amt>
        <item>Pinch of ground cardamom</item></ing>
      <ing>
        <amt>
          <qty>2</qty>
          <unit>tablespoons</unit></amt>
        <item>Blanched pistachio nuts</item></ing>
      <ing>
        <amt>
          <qty/>
          <unit/></amt>
        <item>Edible silver leaf-optional</item></ing></ingredients>
    <directions>
      <step>  In a heavy-based saucepan or large frying pan boil the milk over fairly
  high heat, stirring all the time, until it is reduced and very thick. Add
  sugar and stir for 10 minutes on low heat. Add the ground almonds and
  continue to cook and stir until the mixture comes away from sides and base
  of pan in one mass. Remove from heat, sprinkle cardamom over and mix well.
  Turn on to a greased plate. Smooth top with back of butter spoon. Cool
  slightly, mark in diamond shapes with knife and decorate with halved
  pistachio nuts and sliver leaf.
  
  Before it is quite firm cut with sharp knife along the markings then leave
  to get quite cold before separating into pieces.
  
  I. Chaudhary Gold Coast-Oz
  Posted to EAT-L Digest 10 November 96
  
  Date:    Tue, 12 Nov 1996 10:07:49 +1000
  
  From:    "I. Chaudhary" &lt;imranc@ONTHENET.COM.AU&gt;
 
</step></directions></recipe></recipeml>
