<?xml version="1.0" encoding="UTF-8"?>

<recipeml version="0.5">
  <recipe>
    <head>
      <title>Barley Water</title>
      <categories>
        <cat>Beverages</cat></categories>
      <yield>2</yield></head>
    <ingredients>
      <ing>
        <amt>
          <qty>3 1/2</qty>
          <unit>ounces</unit></amt>
        <item>Barley</item></ing>
      <ing>
        <amt>
          <qty>2 1/8</qty>
          <unit>quarts</unit></amt>
        <item>Water</item></ing>
      <ing>
        <amt>
          <qty>1</qty>
          <unit/></amt>
        <item>Fig</item></ing>
      <ing>
        <amt>
          <qty>1</qty>
          <unit/></amt>
        <item>Lemon</item></ing>
      <ing>
        <amt>
          <qty>2</qty>
          <unit>tablespoons</unit></amt>
        <item>Honey</item></ing>
      <ing>
        <amt>
          <qty>1</qty>
          <unit>pinch</unit></amt>
        <item>Salt</item></ing>
      <ing>
        <amt>
          <qty>1</qty>
          <unit>can</unit></amt>
        <item>Applejuice</item></ing></ingredients>
    <directions>
      <step>  1.Cover the barley and the fig with water and cook for
  1 1/2 hour. 2.Strain through a sieve. 3.Add the
  honey,applejuice,salt,lemonjuice and the grated
  lemonpeel. 4.Cool real good. Translated by Brigitte
  Sealing Cyberealm BBS 315-786-1120
  
  From Gemini's MASSIVE MealMaster collection at www.synapse.com/~gemini
 
</step></directions></recipe></recipeml>
