<?xml version="1.0" encoding="UTF-8"?>

<recipeml version="0.5">
  <recipe>
    <head>
      <title>Barley Mushroom Casserole</title>
      <categories>
        <cat>Casseroles</cat>
        <cat>Barley</cat></categories>
      <yield>4</yield></head>
    <ingredients>
      <ing>
        <amt>
          <qty>2</qty>
          <unit>tablespoons</unit></amt>
        <item>Unsalted butter</item></ing>
      <ing>
        <amt>
          <qty>2</qty>
          <unit/></amt>
        <item>Shallots; coarsely chopped OR</item></ing>
      <ing>
        <amt>
          <qty>4</qty>
          <unit/></amt>
        <item>Green onions; coarsely chopped</item></ing>
      <ing>
        <amt>
          <qty>4</qty>
          <unit>ounces</unit></amt>
        <item>Mushrooms; sliced</item></ing>
      <ing>
        <amt>
          <qty>3/4</qty>
          <unit>cups</unit></amt>
        <item>Pearl barley</item></ing>
      <ing>
        <amt>
          <qty>1 3/4</qty>
          <unit>cups</unit></amt>
        <item>Chicken broth</item></ing>
      <ing>
        <amt>
          <qty>1/4</qty>
          <unit>teaspoons</unit></amt>
        <item>Dried thyme</item></ing>
      <ing>
        <amt>
          <qty>1/4</qty>
          <unit>teaspoons</unit></amt>
        <item>Black pepper</item></ing>
      <ing>
        <amt>
          <qty>2</qty>
          <unit/></amt>
        <item>Green onion; including tops,slice</item></ing></ingredients>
    <directions>
      <step>  1. Melt the butter in a 2 quart flame-proof casserole over low heat.
  
  2. Add the shallots and saute, stirring occasionally until gold brown, 5 to
        7    minutes.
  
  3. Add the barley, broth, thyme and pepper and bring to a boil over high
  heat.
  
  4. Reduce heat to low, cover ans simmer for 45 minutes, stirring
  occasionally.
  
  5. Stir in the sliced green onions and transfer to a heated serving dish.
  
  Recipe by: Readers Digest Cook Now, Serve Later, 1989
  
  Posted to MC-Recipe Digest V1 #1025 by njwwb &lt;njwwb@ibm.net&gt; on Jan 20,
  1998
 
</step></directions></recipe></recipeml>
