<?xml version="1.0" encoding="UTF-8"?>

<recipeml version="0.5">
  <recipe>
    <head>
      <title>Barley Risotto with Julienne Chicken and Parmesan</title>
      <categories>
        <cat>Grains</cat>
        <cat>Low fat/low</cat>
        <cat>Main dishes</cat>
        <cat>Poultry</cat></categories>
      <yield>6</yield></head>
    <ingredients>
      <ing>
        <amt>
          <qty>1</qty>
          <unit>tablespoon</unit></amt>
        <item>Olive oil</item></ing>
      <ing>
        <amt>
          <qty>3/4</qty>
          <unit>cups</unit></amt>
        <item>Carrot; diced</item></ing>
      <ing>
        <amt>
          <qty>2</qty>
          <unit>tablespoons</unit></amt>
        <item>Fresh basil; chopped</item></ing>
      <ing>
        <amt>
          <qty>3/4</qty>
          <unit>cups</unit></amt>
        <item>Celery; chopped</item></ing>
      <ing>
        <amt>
          <qty>3/4</qty>
          <unit>cups</unit></amt>
        <item>Green onion; chopped</item></ing>
      <ing>
        <amt>
          <qty>1/2</qty>
          <unit>teaspoons</unit></amt>
        <item>Salt</item></ing>
      <ing>
        <amt>
          <qty>1/4</qty>
          <unit>teaspoons</unit></amt>
        <item>Pepper</item></ing>
      <ing>
        <amt>
          <qty>1</qty>
          <unit>pound</unit></amt>
        <item>Skinless boneless chicken breasts</item></ing>
      <ing>
        <amt>
          <qty>1/2</qty>
          <unit>pounds</unit></amt>
        <item>Skinless boneless chicken thighs</item></ing>
      <ing>
        <amt>
          <qty>1 3/4</qty>
          <unit>cups</unit></amt>
        <item>Pearl barley; about 12 ounces</item></ing>
      <ing>
        <amt>
          <qty>5</qty>
          <unit>cups</unit></amt>
        <item>Chicken broth</item></ing>
      <ing>
        <amt>
          <qty>1/3</qty>
          <unit>cups</unit></amt>
        <item>Parsley; chopped</item></ing>
      <ing>
        <amt>
          <qty>1/4</qty>
          <unit>cups</unit></amt>
        <item>Fresh Parmesan cheese; grated</item></ing></ingredients>
    <directions>
      <step>  Cut chicken meat in 1/4-inch strips.
  
  Heat oil in a Dutch oven over medium-high heat. Add carrot and basil; saute
  1 minute. Add celery, green onion and onion; saute 1 minute. Add salt,
  pepper, and chicken; saute 5 minutes. Add barley; saute 1 minute.
  
  Add broth; bring to a boil. Cover, reduce heat, and simmer 40 minutes.
  Remove from heat. Stir in parsley and cheese.
  
  Recipe by: Cooking Light
  
  Posted to EAT-L Digest  by Deborah Kirwan &lt;dkkirwan@CREIGHTON.EDU&gt; on Dec
  22, 1997
 
</step></directions></recipe></recipeml>
