<?xml version="1.0" encoding="UTF-8"?>

<recipeml version="0.5">
  <recipe>
    <head>
      <title>Barley Muffins</title>
      <categories>
        <cat>Breads</cat></categories>
      <yield>12</yield></head>
    <ingredients>
      <ing>
        <amt>
          <qty>2 1/2</qty>
          <unit>cups</unit></amt>
        <item>Barley flour</item></ing>
      <ing>
        <amt>
          <qty>2</qty>
          <unit>teaspoons</unit></amt>
        <item>Baking powder</item></ing>
      <ing>
        <amt>
          <qty/>
          <unit>dashes</unit></amt>
        <item>Salt</item></ing>
      <ing>
        <amt>
          <qty>2</qty>
          <unit/></amt>
        <item>Eggs</item></ing>
      <ing>
        <amt>
          <qty>1/4</qty>
          <unit>cups</unit></amt>
        <item>Rich cream</item></ing>
      <ing>
        <amt>
          <qty>1/4</qty>
          <unit>cups</unit></amt>
        <item>Honey</item></ing></ingredients>
    <directions>
      <step>  Sift together the barley flour, baking powder, and
  salt.  Beat eggs slightly.  Combine eggs, cream, and
  honey with dry ingredients and mix well.  Pour batter
  into muffin tin and bake at 400 F for 25 minutes The
  same book says barley flour can be substituted for
  white flour and make an all-barley bread.  So it seems
  one could substitute oats for some of the barley in
  this recipe to make Barley/oats muffins.
  
  From Gemini's MASSIVE MealMaster collection at www.synapse.com/~gemini
 
</step></directions></recipe></recipeml>
