<?xml version="1.0" encoding="UTF-8"?>

<recipeml version="0.5">
  <recipe>
    <head>
      <title>Barley Bread</title>
      <categories>
        <cat>Breads</cat></categories>
      <yield>1</yield></head>
    <ingredients>
      <ing>
        <amt>
          <qty>4 1/2</qty>
          <unit>teaspoons</unit></amt>
        <item>Dry yeast</item></ing>
      <ing>
        <amt>
          <qty>2</qty>
          <unit>cups</unit></amt>
        <item>Warm water</item></ing>
      <ing>
        <amt>
          <qty>2</qty>
          <unit>tablespoons</unit></amt>
        <item>Honey</item></ing>
      <ing>
        <amt>
          <qty>2</qty>
          <unit>cups</unit></amt>
        <item>Barley flour</item></ing>
      <ing>
        <amt>
          <qty>2</qty>
          <unit>cups</unit></amt>
        <item>Wholewheat flour</item></ing>
      <ing>
        <amt>
          <qty>2</qty>
          <unit>cups</unit></amt>
        <item>Unbleached white flour</item></ing>
      <ing>
        <amt>
          <qty>2</qty>
          <unit>tablespoons</unit></amt>
        <item>Olive oil</item></ing>
      <ing>
        <amt>
          <qty>2</qty>
          <unit>teaspoons</unit></amt>
        <item>Salt</item></ing></ingredients>
    <directions>
      <step>  Dissolve yeast in warm water &amp; place in large mixing bowl. Stir in honey &amp;
  leave till yeast becomes foamy. Combine the three flours &amp; add half to the
  yeast. Beat with a wooden spoon for 10 minutes. The consistency should be
  of thick mud.  Cover &amp; set aside to rise for 1 hour, till the dough has
  doubled. Punch dough down &amp; carefully fold in olive oil, salt &amp; 1/2 c
  remaining flour.  Gradually fold in more flour till dough starts to come
  away from the sides of the bowl. Place dough on a lightly floured surface &amp;
  knead well for 10 minutes.  Add more flour as necessary. Place dough in a
  lightly oiled mixing bowl. Cover &amp; leave to double. Ounch dough down again
  &amp; shape into 2 domed round loaves.  Cut a cross in the centre. Place on an
  oiled baking sheet, cover &amp; let rise till doubled, 45 to 60 minutes. Bake
  at 350F for 50 minutes.
  
  From Gemini's MASSIVE MealMaster collection at www.synapse.com/~gemini
 
</step></directions></recipe></recipeml>
