<?xml version="1.0" encoding="UTF-8"?>

<recipeml version="0.5">
  <recipe>
    <head>
      <title>Barley Beef Casserole</title>
      <categories>
        <cat>None</cat></categories>
      <yield>1</yield></head>
    <ingredients>
      <ing>
        <amt>
          <qty>1</qty>
          <unit>pound</unit></amt>
        <item>Ground beef</item></ing>
      <ing>
        <amt>
          <qty>1/2</qty>
          <unit>cups</unit></amt>
        <item>Each; chopped: onion, celery and bell pepper</item></ing>
      <ing>
        <amt>
          <qty>1</qty>
          <unit/></amt>
        <item>Garlic clove; minced</item></ing>
      <ing>
        <amt>
          <qty>1</qty>
          <unit>cup</unit></amt>
        <item>Medium pearl barley</item></ing>
      <ing>
        <amt>
          <qty>1/4</qty>
          <unit>cups</unit></amt>
        <item>Tomato paste</item></ing>
      <ing>
        <amt>
          <qty>2</qty>
          <unit>teaspoons</unit></amt>
        <item>Instant beef bouillon granules</item></ing>
      <ing>
        <amt>
          <qty>2 1/2</qty>
          <unit>cups</unit></amt>
        <item>Boiling water</item></ing>
      <ing>
        <amt>
          <qty>1</qty>
          <unit>can</unit></amt>
        <item>(14 1/2-ounce) chopped tomatoes including liquid</item></ing></ingredients>
    <directions>
      <step>  Notes: From Houston (Texas) Chronicle.
  
  Crumble beef into a dishwasher-safe plastic colander suspended over a
  3-quart casserole. Top with onion, celery, bell pepper and garlic; cover
  with lid or vented plastic wrap. Stirring midway through cooking, microwave
  on high 6 minutes or until beef is no longer pink.
  
  Discard grease and place barley, tomato paste and bouillon in casserole.
  Pour boiling water over barley; stir. Top with tomatoes, tomato liquid and
  beef mixture; do not stir. Re-cover and microwave on medium-high (70
  percent) 30 minutes. Stir and let stand 5 minutes.
  
  Makes 6 servings, each: 331 calories, 24 grams protein, 11 grams fat, 33
  grams carbohydrates, 5 grams fiber, 71 milligrams cholesterol, 638
  milligrams sodium.
  
  Posted to recipelu-digest by ncanty@juno.com (Nadia I Canty) on Mar 28,
  1998
 
</step></directions></recipe></recipeml>
