<?xml version="1.0" encoding="UTF-8"?>

<recipeml version="0.5">
  <recipe>
    <head>
      <title>Barley Casserole</title>
      <categories>
        <cat>None</cat></categories>
      <yield>1</yield></head>
    <ingredients>
      <ing>
        <amt>
          <qty>1</qty>
          <unit>cup</unit></amt>
        <item>Pearl barley; rinsed</item></ing>
      <ing>
        <amt>
          <qty>1/4</qty>
          <unit>cups</unit></amt>
        <item>Butter</item></ing>
      <ing>
        <amt>
          <qty>1</qty>
          <unit>medium</unit></amt>
        <item>Onion; chopped</item></ing>
      <ing>
        <amt>
          <qty>1</qty>
          <unit>can</unit></amt>
        <item>(10 oz.) mushroom pieces; drained</item></ing>
      <ing>
        <amt>
          <qty>1</qty>
          <unit/></amt>
        <item>Envelope French onion soup mix</item></ing>
      <ing>
        <amt>
          <qty>3</qty>
          <unit>cups</unit></amt>
        <item>Chicken broth</item></ing></ingredients>
    <directions>
      <step>  From: becktech@txdirect.net
  
  Melt butter in frying pan. Add onions and barley. Cook until onions are
  transparent and barley is browned. Add chicken broth, mushrooms and onion
  soup mix. Bring to a boil. Turn into 2 quart casserole. Cover and bake at
  350 F for 30 minutes. Remove cover and bake another 30 minutes.
  
  Posted to recipelu-digest by jeryder@juno.com on Mar 21, 1998
 
</step></directions></recipe></recipeml>
