<?xml version="1.0" encoding="UTF-8"?>

<recipeml version="0.5">
  <recipe>
    <head>
      <title>Barley-Vegetable Pilaf</title>
      <categories>
        <cat>None</cat></categories>
      <yield>1</yield></head>
    <ingredients>
      <ing>
        <amt>
          <qty>1</qty>
          <unit>cup</unit></amt>
        <item>Chopped onion</item></ing>
      <ing>
        <amt>
          <qty>4</qty>
          <unit>ounces</unit></amt>
        <item>Fresh mushrooms; sliced</item></ing>
      <ing>
        <amt>
          <qty>1</qty>
          <unit>tablespoon</unit></amt>
        <item>Olive oil</item></ing>
      <ing>
        <amt>
          <qty>1</qty>
          <unit>cup</unit></amt>
        <item>Medium pearl barley</item></ing>
      <ing>
        <amt>
          <qty>3</qty>
          <unit>teaspoons</unit></amt>
        <item>Instant chicken bouillon granules</item></ing>
      <ing>
        <amt>
          <qty>3</qty>
          <unit>cups</unit></amt>
        <item>Boiling water</item></ing>
      <ing>
        <amt>
          <qty>1</qty>
          <unit>teaspoon</unit></amt>
        <item>Hot red-pepper sauce</item></ing>
      <ing>
        <amt>
          <qty>1</qty>
          <unit/></amt>
        <item>Each; medium: red bell pepper, diced, and zucchini, sliced</item></ing></ingredients>
    <directions>
      <step>  Notes: From Houston (Texas) Chronicle.
  
  Combine onion, mushrooms and oil in a 2-quart glass measure. Cover with
  vented plastic wrap. Microwave on high 3 minutes. Add barley, bouillon,
  boiling water and pepper sauce. Re-cover and microwave on high 2 to 3
  minutes, or until water returns to a boil. Then microwave on medium (50
  percent) 15 minutes.
  
  Add bell pepper and zucchini; re-cover. Microwave on medium 10 minutes. Let
  stand 5 minutes. Fluff with a fork.
  
  Makes 4 (1-cup) servings, each: 221 calories, 4 grams protein, 4 grams fat,
  43 grams carbohydrates, 6 grams fiber, no cholesterol, 78 milligrams
  sodium.
  
  Posted to recipelu-digest by ncanty@juno.com (Nadia I Canty) on Mar 28,
  1998
 
</step></directions></recipe></recipeml>
