<?xml version="1.0" encoding="UTF-8"?>

<recipeml version="0.5">
  <recipe>
    <head>
      <title>Barley Vegetable Soup</title>
      <categories>
        <cat>Soups</cat></categories>
      <yield>8</yield></head>
    <ingredients>
      <ing>
        <amt>
          <qty>1/2</qty>
          <unit>cups</unit></amt>
        <item>Barley</item></ing>
      <ing>
        <amt>
          <qty>2</qty>
          <unit>quarts</unit></amt>
        <item>Chicken broth</item></ing>
      <ing>
        <amt>
          <qty/>
          <unit/></amt>
        <item>Onion -- chopped</item></ing>
      <ing>
        <amt>
          <qty/>
          <unit/></amt>
        <item>Carrot -- peeled &amp; chunked</item></ing>
      <ing>
        <amt>
          <qty/>
          <unit/></amt>
        <item>Celery stalk -- chopped</item></ing>
      <ing>
        <amt>
          <qty/>
          <unit/></amt>
        <item>Parsley sprigs</item></ing>
      <ing>
        <amt>
          <qty>1</qty>
          <unit>teaspoon</unit></amt>
        <item>Thyme leaves</item></ing>
      <ing>
        <amt>
          <qty/>
          <unit/></amt>
        <item>Bay leaf</item></ing>
      <ing>
        <amt>
          <qty>8</qty>
          <unit>cups</unit></amt>
        <item>Other vegetables</item></ing></ingredients>
    <directions>
      <step>  Place ingredients in large pot and bring to boil.  Add salt and pepper to
  taste.  Reduce heat, cover and simmer for about 1 hour, or until barley is
  tender.  Remove parsley abnd bay leaf.  Divide if not using entire soup at
  one meal.  Half a batch should  serve 4 with addition of vegetables
  suggested below.  (suggestions for "other vegetables" listed in ingredients
  2 c. green beans, 3 carrots, peeled and sliced, 2 zucchini, sliced thickly,
  2 cups broccoli, 2 cups cauliflower florets, 2 stalks celery, 8 oz. mush-
  rooms, washed and thinly sliced.
  
  Recipe By     :
  
  File ftp://ftp.idiscover.co.uk/pub/food/mealmaster/recipes/mmdja006.zip
 
</step></directions></recipe></recipeml>
