<?xml version="1.0" encoding="UTF-8"?>

<recipeml version="0.5">
  <recipe>
    <head>
      <title>Barley and Bean with Fresh Mint (Vegan)</title>
      <categories>
        <cat>Side dish</cat></categories>
      <yield>4</yield></head>
    <ingredients>
      <ing>
        <amt>
          <qty>1 1/2</qty>
          <unit>cups</unit></amt>
        <item>Pearled barley</item></ing>
      <ing>
        <amt>
          <qty>3 1/2</qty>
          <unit>cups</unit></amt>
        <item>Vegetable broth or stock</item></ing>
      <ing>
        <amt>
          <qty>2</qty>
          <unit>cups</unit></amt>
        <item>Fresh cooked or canned white</item></ing>
      <ing>
        <amt>
          <qty/>
          <unit/></amt>
        <item>Kidney beans</item></ing>
      <ing>
        <amt>
          <qty>2</qty>
          <unit>tablespoons</unit></amt>
        <item>Fresh mint chopped or 1 tbs</item></ing>
      <ing>
        <amt>
          <qty/>
          <unit/></amt>
        <item>Dry mint</item></ing></ingredients>
    <directions>
      <step>  In a medium sauce pan bring the 3.5 cups of vegetable broth or stock to a
  boil.  Slowly add the 1.5 cup of pearled barley. Reduce heat to low and
  cover.  Simmer 35 to 45 minutes or until all of the broth or stock has been
  absorbed and the barley is tender.
  
  Rinse the kidney beans in a colander or sieve and allow to drain. Chop the
  mint.
  
  Add the beans to the cooked pearled barley and cook on low until heated,
  approximately 5 minutes.  Remove form the heat. Add the mint and mix well.
  Garnish with a few mint sprigs.
  
  Serve hot.  Makes 4 side dish servings.  Reheats well in a microwave.
  
  Posted by "Joseph B. McKay III" &lt;MCKAY_J@a1.eop.gov&gt; to the Fatfree Dig.
  Vol 12 Issue 22 11-23-94.
  
  FATFREE Recipe collections copyrighted by Michelle Dick 1994. Used with
  permission. Formatted by Sue Smith, S.Smith34, TXFT40A@Prodigy.com using
  MMCONV. ~-- 1.80á
  
  From Gemini's MASSIVE MealMaster collection at www.synapse.com/~gemini
 
</step></directions></recipe></recipeml>
