<?xml version="1.0" encoding="UTF-8"?>

<recipeml version="0.5">
  <recipe>
    <head>
      <title>Barley Pancakes with Banana</title>
      <categories>
        <cat>Breakfast</cat>
        <cat>Low fat</cat>
        <cat>Vegetarian</cat>
        <cat>Want to try</cat></categories>
      <yield>4</yield></head>
    <ingredients>
      <ing>
        <amt>
          <qty>1 1/3</qty>
          <unit>cups</unit></amt>
        <item>Whole-Wheat Flour; pastry</item></ing>
      <ing>
        <amt>
          <qty>1 1/2</qty>
          <unit>teaspoons</unit></amt>
        <item>Baking Powder</item></ing>
      <ing>
        <amt>
          <qty>3/4</qty>
          <unit>cups</unit></amt>
        <item>Barley; cooked</item></ing>
      <ing>
        <amt>
          <qty>1/2</qty>
          <unit>cups</unit></amt>
        <item>Skim Milk</item></ing>
      <ing>
        <amt>
          <qty>1/4</qty>
          <unit>cups</unit></amt>
        <item>Mashed Bananas</item></ing>
      <ing>
        <amt>
          <qty>2</qty>
          <unit/></amt>
        <item>Egg Whites</item></ing>
      <ing>
        <amt>
          <qty>2</qty>
          <unit>tablespoons</unit></amt>
        <item>Maple Syrup</item></ing>
      <ing>
        <amt>
          <qty>1</qty>
          <unit>teaspoon</unit></amt>
        <item>Oil</item></ing></ingredients>
    <directions>
      <step>  In a medium bowl sift together the flour and baking powder. Stir together
  the flour and baking powder. Stir in the barley.
  
  In a small bowl whisk together the milk, banana, egg whites and maple
  syrup.
  
  Pour the milk mixture into flour. Combine quickly; don't over-mix.
  
  Heat a well-seasoned cast-iron skillet or non-stick frying pan over
  medium-high heat. Add half the oil. spoon in 1/4 C of the batter for each
  pancake. Cook until bubbles form on top of each. Then flip and cook the
  other side.
  
  Repeat with remaining oil and batter. Serve immediately.
  
  NOTES : Cal 321.9g, Fat 2.8g, Carb 65.2g, Fib 11.1g, Pro 12.7g, Sod 186mg,
  CFF 7.5%.
  Recipe by: Prevention's Book of Home Remedies and Super-Healing
  
  Posted to Digest eat-lf.v097.n293 by Reggie Dwork &lt;reggie@reggie.com&gt; on
  Nov 18, 1997
 
</step></directions></recipe></recipeml>
