<?xml version="1.0" encoding="UTF-8"?>

<recipeml version="0.5">
  <recipe>
    <head>
      <title>Barley Soup</title>
      <categories>
        <cat>Soups</cat></categories>
      <yield>6</yield></head>
    <ingredients>
      <ing>
        <amt>
          <qty>2</qty>
          <unit>quarts</unit></amt>
        <item>Chicken Stock</item></ing>
      <ing>
        <amt>
          <qty>1</qty>
          <unit>cup</unit></amt>
        <item>Bite-size cooked Chicken mea</item></ing>
      <ing>
        <amt>
          <qty/>
          <unit/></amt>
        <item>Small Onion, sliced in rings</item></ing>
      <ing>
        <amt>
          <qty/>
          <unit/></amt>
        <item>Rib Celery, chopped</item></ing>
      <ing>
        <amt>
          <qty/>
          <unit/></amt>
        <item>Sm Parsnip, sliced thin</item></ing>
      <ing>
        <amt>
          <qty>1</qty>
          <unit>cup</unit></amt>
        <item>Pearl Barley</item></ing>
      <ing>
        <amt>
          <qty/>
          <unit/></amt>
        <item>Small strip Kombu *</item></ing>
      <ing>
        <amt>
          <qty>1</qty>
          <unit>teaspoon</unit></amt>
        <item>Dried basil</item></ing>
      <ing>
        <amt>
          <qty>1/4</qty>
          <unit>teaspoons</unit></amt>
        <item>Ground white Pepper</item></ing>
      <ing>
        <amt>
          <qty>1</qty>
          <unit>dash</unit></amt>
        <item>Salt (opt.)</item></ing>
      <ing>
        <amt>
          <qty>1/4</qty>
          <unit>cups</unit></amt>
        <item>Shredded carrot (opt)</item></ing></ingredients>
    <directions>
      <step>  * Available in health stores, it make beans and peas more digestible.
  Combine all ingredients except salt and carrot and simmer until the barley
  is cooked, about 45 minutes. Season to taste with salt if needed and
  garnish with shredded carrot if desired. Note: Barley soup can be a
  soothing and digestible meal for convalescents. Omit the chicken to make it
  easier to eat. This soup is rich in protein, carbohydrates, and fiber.
  
  From Gemini's MASSIVE MealMaster collection at www.synapse.com/~gemini
 
</step></directions></recipe></recipeml>
