<?xml version="1.0" encoding="UTF-8"?>

<recipeml version="0.5">
  <recipe>
    <head>
      <title>Barley Vegetable Casserole</title>
      <categories>
        <cat>Casseroles</cat>
        <cat>Vegetarian</cat></categories>
      <yield>6</yield></head>
    <ingredients>
      <ing>
        <amt>
          <qty>2</qty>
          <unit>tablespoons</unit></amt>
        <item>Soy margarine</item></ing>
      <ing>
        <amt>
          <qty>2/3</qty>
          <unit>cups</unit></amt>
        <item>Barley, uncooked (4.5 oz)</item></ing>
      <ing>
        <amt>
          <qty>1</qty>
          <unit>cup</unit></amt>
        <item>Chopped onions</item></ing>
      <ing>
        <amt>
          <qty>1</qty>
          <unit>cup</unit></amt>
        <item>Chopped cauliflower (1/4")</item></ing>
      <ing>
        <amt>
          <qty>1</qty>
          <unit>cup</unit></amt>
        <item>Chopped mushrooms</item></ing>
      <ing>
        <amt>
          <qty>1</qty>
          <unit>cup</unit></amt>
        <item>Finely shredded carrots</item></ing>
      <ing>
        <amt>
          <qty>2 1/2</qty>
          <unit>cups</unit></amt>
        <item>Water</item></ing>
      <ing>
        <amt>
          <qty>2</qty>
          <unit>teaspoons</unit></amt>
        <item>Instant vegetable broth mix</item></ing>
      <ing>
        <amt>
          <qty>1/4</qty>
          <unit>teaspoons</unit></amt>
        <item>Garlic powder</item></ing>
      <ing>
        <amt>
          <qty>1/8</qty>
          <unit>teaspoons</unit></amt>
        <item>Pepper</item></ing></ingredients>
    <directions>
      <step>  Preheat oven to 350'F.
  
  Lightly oil a 1 3/4-quart casserole or spray with nonstick cooking
  spray.
  
  Melt 1 tablespoon of the margarine in a large nonstick skillet over
  medium heat. Add barley and cook 2-3 minutes, stirring frequently
  until lightly browned. Place in prepared casserole.
  
  Melt remaining margarine in skillet. Add onions and cauliflower. Cook,
  stirring frequently, 5 minutes. Add mushrooms and carrots. Cook 5 more
  minutes, stirring frequently. Add vegetables to casserole.
  
  In a small bowl, combine water, broth mix, garlic powder and pepper.
  Mix well and add to casserole.
  
  mix well, cover and bake 1 hour and 15 minutes, until barley is
  tender and most of the liquid has been absorbed. Stir several times
  while baking.
  
  Let stand 5 minutes, then mix and serve.
  
  In each serving: 135 calories, 4 grams protein, 4 grams fat, 21 grams
  carbohydrates, 268 milligrams sodium, zero cholesterol.
  
  From Tuscon area newspapers, 1994, 3rd quarter, courtest Mike Orchekowski.
  File ftp://ftp.idiscover.co.uk/pub/food/mealmaster/recipes/tn-94q3.zip
 
</step></directions></recipe></recipeml>
