<?xml version="1.0" encoding="UTF-8"?>

<recipeml version="0.5">
  <recipe>
    <head>
      <title>Barley Croquettes</title>
      <categories>
        <cat>None</cat></categories>
      <yield>1</yield></head>
    <ingredients>
      <ing-div>
        <title/>
        <ing>
          <amt>
            <qty>4</qty>
            <unit/></amt>
          <item>Stalks celery</item></ing>
        <ing>
          <amt>
            <qty>1</qty>
            <unit>large</unit></amt>
          <item>Carrot</item></ing>
        <ing>
          <amt>
            <qty>3</qty>
            <unit>cups</unit></amt>
          <item>Barley</item></ing>
        <ing>
          <amt>
            <qty>6</qty>
            <unit>cups</unit></amt>
          <item>Water</item></ing>
        <ing>
          <amt>
            <qty>1/2</qty>
            <unit>teaspoons</unit></amt>
          <item>Sea salt</item></ing>
        <ing>
          <amt>
            <qty/>
            <unit/></amt>
          <item>Freshly ground pepper to taste</item></ing>
        <ing>
          <amt>
            <qty>1</qty>
            <unit>teaspoon</unit></amt>
          <item>Dried basil</item></ing>
        <ing>
          <amt>
            <qty>2</qty>
            <unit/></amt>
          <item>Bay leaves</item></ing>
        <ing>
          <amt>
            <qty>1/2</qty>
            <unit>cups</unit></amt>
          <item>Chopped Italian parsley for garnish</item></ing></ing-div>
      <ing-div>
        <title>SHITAKE MUSHROOM SAUCE</title>
        <ing>
          <amt>
            <qty>1 3/4</qty>
            <unit>ounces</unit></amt>
          <item>Dried shitake mushrooms</item></ing>
        <ing>
          <amt>
            <qty>2 1/2</qty>
            <unit>cups</unit></amt>
          <item>Water</item></ing>
        <ing>
          <amt>
            <qty>4</qty>
            <unit>large</unit></amt>
          <item>Shallots or cloves garlic; peeled and minced</item></ing>
        <ing>
          <amt>
            <qty>2</qty>
            <unit>tablespoons</unit></amt>
          <item>Soy sauce or tamari; (I used only 1, plenty salty)</item></ing>
        <ing>
          <amt>
            <qty>2 1/2</qty>
            <unit>tablespoons</unit></amt>
          <item>Kuzu; (or cornstarch)</item></ing>
        <ing>
          <amt>
            <qty>1</qty>
            <unit>teaspoon</unit></amt>
          <item>Fresh lemon juice</item></ing>
        <ing>
          <amt>
            <qty>1</qty>
            <unit>tablespoon</unit></amt>
          <item>Whole-grain mustard; (optional)</item></ing></ing-div></ingredients>
    <directions>
      <step>  Made this the other day, we liked it! The sauce would be good on other
  things as well. Both recipes are from _The Natural Gourmet_ by Annemarie
  Colbin.
  
  24 - 30 croquettes
  
  Wash and dice the celery and carrot and place in a pressure cooker (or a 4
  quart sauce pan) along with the barley, water , salt, and a few grindings
  of pepper, basil, and bay leaves. Bring to pressure (or a boil) over high
  heat, then reduce heat to low and pressure cook for 40 minutes (or simmer,
  covered, for 1 hour), or until the barley is tender. Wash and chop the
  parsley. When barley is finished cooking and the pressure is down, remove
  the bay leaves. Place half grain in a food processor and process until well
  mixed but not pureed. Combine with the remaining grain in a large bowl and
  set aside until cool enough to handle.
  
  Moisten your fingers with water and form barley into 2 1/2 inch round
  croquettes or patties. Fry in non stick skillet sprayed very lightly with
  cooking spray. Alternatively, brush with oil and place on oiled baking
  sheets and bake for 1 hour, or until lightly browned. Serve hot with
  Shitake Mushroom sauce, garnished with chopped parsley.
  Shitake Mushroom Sauce - 2 cups:
  
  Place mushrooms in small bowl. Bring 1 cup water to boil, pour over the
  mushrooms and set aside to soak until soft, about 30 minutes. Drain
  mushrooms and press out excess liquid, reserving the soaking water. Cut off
  tough stems and discard. Slice mushrooms into thin strips. Place 2 - 3
  tablespoons soaking water in a small saucepan along with the shallots or
  garlic and 1 tablespoon of the soy sauce. Simmer, stirring until the
  shallots are tender, about 3 - 5 minutes, adding more liquid if necessary.
  Add the mushrooms and simmer for 1 minute more. Add the remaining soaking
  water, 1 1/4 cups additional water, the soy sauce and lemon juice.
  
  Dissolve the kuzu or cornstarch in remaining 1 cup water. Bring sauce to a
  simmer, add the kuzu and cook, stirring constantly, until sauce is
  thickened and translucent. Add mustard if you wish. Serve hot.
  Posted to fatfree digest by "Jan Gordon" &lt;jan@gordon.com&gt; on May 16, 1998
 
</step></directions></recipe></recipeml>
