<?xml version="1.0" encoding="UTF-8"?>

<recipeml version="0.5">
  <recipe>
    <head>
      <title>Barley Soup with Dill and Caraway</title>
      <categories>
        <cat>None</cat></categories>
      <yield>1</yield></head>
    <ingredients>
      <ing>
        <amt>
          <qty>2</qty>
          <unit>cups</unit></amt>
        <item>No-sodium chicken broth</item></ing>
      <ing>
        <amt>
          <qty>1</qty>
          <unit>cup</unit></amt>
        <item>Water</item></ing>
      <ing>
        <amt>
          <qty>1</qty>
          <unit>can</unit></amt>
        <item>(14 1/2-ounce) tomatoes including liquid</item></ing>
      <ing>
        <amt>
          <qty>4</qty>
          <unit>ounces</unit></amt>
        <item>Fresh mushrooms; sliced, (1 1/4 cups)</item></ing>
      <ing>
        <amt>
          <qty>1/2</qty>
          <unit>cups</unit></amt>
        <item>Medium pearl barley</item></ing>
      <ing>
        <amt>
          <qty>1</qty>
          <unit>tablespoon</unit></amt>
        <item>Instant minced onion</item></ing>
      <ing>
        <amt>
          <qty>1 1/2</qty>
          <unit>teaspoons</unit></amt>
        <item>Crushed dill weed</item></ing>
      <ing>
        <amt>
          <qty>1/2</qty>
          <unit>teaspoons</unit></amt>
        <item>Caraway seeds</item></ing>
      <ing>
        <amt>
          <qty>1/4</qty>
          <unit>teaspoons</unit></amt>
        <item>Sugar</item></ing>
      <ing>
        <amt>
          <qty/>
          <unit/></amt>
        <item>Ground black pepper to taste</item></ing>
      <ing>
        <amt>
          <qty>6</qty>
          <unit>ounces</unit></amt>
        <item>Cooked ham; cut in bite-size pieces, (1 cup)</item></ing></ingredients>
    <directions>
      <step>  Notes: From Houston (Texas) Chronicle files.
  
  Combine broth, water and tomatoes in a 3-quart casserole. Cover with lid or
  vented plastic wrap; microwave on high 9 to 10 minutes or until boiling.
  Stir in mushrooms, barley, onion, dill, caraway, sugar and pepper. Re-cover
  and microwave on high 12 to 15 minutes, or until barley is tender. Stir in
  ham.
  
  Serving suggestion: Top each serving with a dollop of sour cream, if
  desired.
  
  Makes 4 servings, each: 209 calories, 15 grams protein, 4 grams fat, 28
  grams carbohydrates, 27 milligrams cholesterol, 970 milligrams sodium.
  
  Posted to recipelu-digest by ncanty@juno.com (Nadia I Canty) on Mar 28,
  1998
 
</step></directions></recipe></recipeml>
