<?xml version="1.0" encoding="UTF-8"?>

<recipeml version="0.5">
  <recipe>
    <head>
      <title>Barley Nut Muffins</title>
      <categories>
        <cat>Breads</cat>
        <cat>Quick</cat></categories>
      <yield>12</yield></head>
    <ingredients>
      <ing>
        <amt>
          <qty>3/4</qty>
          <unit>cups</unit></amt>
        <item>AM Barley or Buckwheat Flour</item></ing>
      <ing>
        <amt>
          <qty>3/4</qty>
          <unit>cups</unit></amt>
        <item>AM Whole Wheat Flour</item></ing>
      <ing>
        <amt>
          <qty>2</qty>
          <unit>teaspoons</unit></amt>
        <item>Non-alum baking powder</item></ing>
      <ing>
        <amt>
          <qty>2</qty>
          <unit>teaspoons</unit></amt>
        <item>Sea salt (optional)</item></ing>
      <ing>
        <amt>
          <qty>1/4</qty>
          <unit>cups</unit></amt>
        <item>Raw honey</item></ing>
      <ing>
        <amt>
          <qty>1</qty>
          <unit/></amt>
        <item>Egg; beaten OR- egg replacer</item></ing>
      <ing>
        <amt>
          <qty>1/2</qty>
          <unit>cups</unit></amt>
        <item>AM Unrefined Vegetable Oil</item></ing>
      <ing>
        <amt>
          <qty>1</qty>
          <unit>cup</unit></amt>
        <item>Fresh milk or water OR- milk substitute</item></ing>
      <ing>
        <amt>
          <qty>1/2</qty>
          <unit>cups</unit></amt>
        <item>Pecans</item></ing></ingredients>
    <directions>
      <step>  Combine dry ingredients.  Mix liquid ingredients thoroughly.  Add dry
  ingredients.  Stir until moist, but not smooth.  Stir in pecans.  Fill
  well-oiled muffin cups 2/3 full.  Bake at 350 F. for 15 minutes.
  
  (Yield: 24 small or 12 large muffins)
  
  Source: Arrowhead Mills "Whole Grain Muffins" tri-fold
  Reprinted by permission of Arrowhead Mills, Inc.
  Electronic format courtesy of: Karen Mintzias
  
  File ftp://ftp.idiscover.co.uk/pub/food/mealmaster/recipes/am.zip
 
</step></directions></recipe></recipeml>
