<?xml version="1.0" encoding="UTF-8"?>

<recipeml version="0.5">
  <recipe>
    <head>
      <title>Barley Buttermilk Soup</title>
      <categories>
        <cat>Soups</cat>
        <cat>Vegetarian</cat></categories>
      <yield>4</yield></head>
    <ingredients>
      <ing>
        <amt>
          <qty>1/2</qty>
          <unit>cups</unit></amt>
        <item>Barley</item></ing>
      <ing>
        <amt>
          <qty>1</qty>
          <unit>quart</unit></amt>
        <item>Water</item></ing>
      <ing>
        <amt>
          <qty/>
          <unit/></amt>
        <item>Salt</item></ing>
      <ing>
        <amt>
          <qty>1/4</qty>
          <unit>cups</unit></amt>
        <item>Finely diced red onion</item></ing>
      <ing>
        <amt>
          <qty>3</qty>
          <unit>cups</unit></amt>
        <item>Buttermilk</item></ing>
      <ing>
        <amt>
          <qty>1/2</qty>
          <unit>teaspoons</unit></amt>
        <item>Turmeric</item></ing>
      <ing>
        <amt>
          <qty>1/4</qty>
          <unit>cups</unit></amt>
        <item>Finely chopped parsley</item></ing>
      <ing>
        <amt>
          <qty>2</qty>
          <unit>tablespoons</unit></amt>
        <item>Finely chopped dill =OR= 1/2 teaspoon Dried Dill</item></ing>
      <ing>
        <amt>
          <qty>1</qty>
          <unit>tablespoon</unit></amt>
        <item>Finely chopped cilantro</item></ing>
      <ing>
        <amt>
          <qty>1</qty>
          <unit>tablespoon</unit></amt>
        <item>Snipped chives</item></ing>
      <ing>
        <amt>
          <qty/>
          <unit/></amt>
        <item>Freshly ground pepper</item></ing>
      <ing>
        <amt>
          <qty>1</qty>
          <unit>dash</unit></amt>
        <item>Paprika or herb blossoms; (if available, for g</item></ing></ingredients>
    <directions>
      <step>  RINSE THE BARLEY and put it in a pot with the water and salt to taste.
  Bring to a boil, lower the heat, and simmer until the barley is tender,
  about 45 minutes. Drain the barley. (The liquid can be reserved to use in
  another soup.) Toss the onions into the warm barley to wilt them slightly;
  then put the mixture in a soup bowl with the buttermilk. Stir in the
  turmeric and herbs and season to taste with additional salt. Cover and
  refrigerate until chilled. Serve with freshly ground pepper and paprika or
  with a garnish of blossoms, such as chive blossoms, cilantro flowers or
  mustard petals.
  
  Makes 1 Quart DEBORAH MADISON - PRODIGY GUEST CHEFS COOKBOOK
  Posted to MC-Recipe Digest by Nancy Berry &lt;nlberry@prodigy.net&gt; on May 15,
  1998
 
</step></directions></recipe></recipeml>
