<?xml version="1.0" encoding="UTF-8"?>

<recipeml version="0.5">
  <recipe>
    <head>
      <title>Barley Beef Celeriac and Cabbage Soup</title>
      <categories>
        <cat>Lowfat</cat>
        <cat>Soup</cat>
        <cat>Cooked meat</cat></categories>
      <yield>2</yield></head>
    <ingredients>
      <ing-div>
        <title/>
        <ing>
          <amt>
            <qty>3</qty>
            <unit>cups</unit></amt>
          <item>Water</item></ing>
        <ing>
          <amt>
            <qty>1/4</qty>
            <unit>cups</unit></amt>
          <item>Barley</item></ing>
        <ing>
          <amt>
            <qty>1</qty>
            <unit>large</unit></amt>
          <item>Garlic clove; sliced</item></ing>
        <ing>
          <amt>
            <qty>1</qty>
            <unit/></amt>
          <item>Carrot</item></ing>
        <ing>
          <amt>
            <qty>1</qty>
            <unit>slice</unit></amt>
          <item>Celeriac</item></ing>
        <ing>
          <amt>
            <qty>3</qty>
            <unit>teaspoons</unit></amt>
          <item>Mushroom bouillon base</item></ing>
        <ing>
          <amt>
            <qty>1/2</qty>
            <unit>teaspoons</unit></amt>
          <item>Dried thyme</item></ing></ing-div>
      <ing-div>
        <title>SAUTE</title>
        <ing>
          <amt>
            <qty>1</qty>
            <unit>teaspoon</unit></amt>
          <item>Peanut oil</item></ing>
        <ing>
          <amt>
            <qty>1</qty>
            <unit>cup</unit></amt>
          <item>Shredded cabbage; loosely packed</item></ing>
        <ing>
          <amt>
            <qty/>
            <unit/></amt>
          <item>Leek or green onions; to taste</item></ing>
        <ing>
          <amt>
            <qty/>
            <unit/></amt>
          <item>Pepper</item></ing>
        <ing>
          <amt>
            <qty>1/4</qty>
            <unit>cups</unit></amt>
          <item>Button mushrooms; optioanl</item></ing>
        <ing>
          <amt>
            <qty>3</qty>
            <unit>ounces</unit></amt>
          <item>Sirloin steak; trimmed, leftover</item></ing></ing-div>
      <ing-div>
        <title>ADDITIONS</title>
        <ing>
          <amt>
            <qty>1</qty>
            <unit>teaspoon</unit></amt>
          <item>Sherry</item></ing>
        <ing>
          <amt>
            <qty>2</qty>
            <unit>tablespoons</unit></amt>
          <item>Chopped fresh cilantro; or parsley</item></ing>
        <ing>
          <amt>
            <qty>1/2</qty>
            <unit>cups</unit></amt>
          <item>Cooked black beans; drained and rinsed</item></ing>
        <ing>
          <amt>
            <qty/>
            <unit/></amt>
          <item>Maggi; to serve</item></ing></ing-div></ingredients>
    <directions>
      <step>  Heat water, barley and garlic in a medium sauce pan. Bring to a boil.
  Meanwhile, coarsely chop equal amounts of carrot and pared celery root. Add
  the vegetables, bouillon base, and thyme to the soup pot; reduce heat, and
  simmer for about 15 mins. Do not cook all the starch from the barley.
  
  Heat the peanut oil in a skillet and stirfry the thinly shredded cabbage
  and thinly sliced leek (or scallions). Pepper generously. Add 2 to 3 ounces
  of leftover beef or pork, diced into 1/2" or smaller pieces and mushropoms;
  heat through then keep warm.
  
  Increase the temperature under the soup pot and add the sherry. When the
  alcohol has evaporated, add the cilantro (or a mix of parsley and
  cilantro), black beans, and the contents of the skillet. Turn off the heat;
  stir to combine. Serve in wide pasta bowls to show off the colors. Offer
  Maggi or other seasoning sauce. Serves 4 appetizers or 2 entrees. HALF
  : 300 cals, 6.3 g fat, 18.3%
  
  Recipe by: Hanneman (1997 Nov) Riverside
  
  Posted to Digest eat-lf.v097.n300 by KitPATh &lt;phannema@wizard.ucr.edu&gt; on
  Nov 26, 1997
 
</step></directions></recipe></recipeml>
