<?xml version="1.0" encoding="UTF-8"?>

<recipeml version="0.5">
  <recipe>
    <head>
      <title>Barley Mushroom Soup (Vegan)</title>
      <categories>
        <cat>Soups</cat>
        <cat>Vegetables</cat>
        <cat>Prodigy</cat>
        <cat>Dec.</cat>
        <cat>Fatfree</cat></categories>
      <yield>8</yield></head>
    <ingredients>
      <ing>
        <amt>
          <qty>1/2</qty>
          <unit>cups</unit></amt>
        <item>Chopped onions</item></ing>
      <ing>
        <amt>
          <qty>1/2</qty>
          <unit>cups</unit></amt>
        <item>Chopped carrots</item></ing>
      <ing>
        <amt>
          <qty>1/2</qty>
          <unit>cups</unit></amt>
        <item>Thinly sliced celery</item></ing>
      <ing>
        <amt>
          <qty>3</qty>
          <unit>cups</unit></amt>
        <item>Sliced fresh mushrooms</item></ing>
      <ing>
        <amt>
          <qty>5</qty>
          <unit>cups</unit></amt>
        <item>Water</item></ing>
      <ing>
        <amt>
          <qty>1/2</qty>
          <unit>cups</unit></amt>
        <item>Barley</item></ing>
      <ing>
        <amt>
          <qty>4</qty>
          <unit>teaspoons</unit></amt>
        <item>Vegtable broth powder</item></ing>
      <ing>
        <amt>
          <qty>1/8</qty>
          <unit>teaspoons</unit></amt>
        <item>Garlic powder</item></ing></ingredients>
    <directions>
      <step>  Put vegtables in a large soup pot with a little water and cook for 5 min
  stirring frequently.  Add remaining ingredients and bring to a boil. Cover
  &amp; reduce heat to low &amp; simmer 1 hour. Nutrition (per serving): 62 calories,
  Total Fat  0 g   (4% of calories) Source: Lean and Luscious and meatless
  Page(s): 82 Date Published: 7-26-93
  :
  
  D/L from Prodigy 12-14-94. Recipe collection of Sue Smith. 1.80á
  
  File ftp://ftp.idiscover.co.uk/pub/food/mealmaster/recipes/fatfreex.zip
 
</step></directions></recipe></recipeml>
