<?xml version="1.0" encoding="UTF-8"?>

<recipeml version="0.5">
  <recipe>
    <head>
      <title>Barley Vegetable Chowder</title>
      <categories>
        <cat>None</cat></categories>
      <yield>1</yield></head>
    <ingredients>
      <ing>
        <amt>
          <qty>6</qty>
          <unit>cups</unit></amt>
        <item>Chicken broth or water</item></ing>
      <ing>
        <amt>
          <qty>1/2</qty>
          <unit>cups</unit></amt>
        <item>Pearl barley</item></ing>
      <ing>
        <amt>
          <qty>1</qty>
          <unit>medium</unit></amt>
        <item>Size boiling potato</item></ing>
      <ing>
        <amt>
          <qty>1</qty>
          <unit>medium</unit></amt>
        <item>Size white turnip</item></ing>
      <ing>
        <amt>
          <qty>1</qty>
          <unit/></amt>
        <item>Rib celery</item></ing>
      <ing>
        <amt>
          <qty>2</qty>
          <unit/></amt>
        <item>Carrots; (up to 3)</item></ing>
      <ing>
        <amt>
          <qty>6</qty>
          <unit/></amt>
        <item>Scallions</item></ing>
      <ing>
        <amt>
          <qty>16</qty>
          <unit>ounces</unit></amt>
        <item>Canned red kidney beans; drained and rinsed</item></ing>
      <ing>
        <amt>
          <qty>1</qty>
          <unit>bunch</unit></amt>
        <item>Escarole or romaine lettuce</item></ing>
      <ing>
        <amt>
          <qty/>
          <unit/></amt>
        <item>Grated Parmesan or pesto topping; optional</item></ing>
      <ing>
        <amt>
          <qty/>
          <unit/></amt>
        <item>Salt and pepper</item></ing></ingredients>
    <directions>
      <step>  COOKING MONDAY TO FRIDAY SHOW # MF6630
  
  Combine the broth and barley in a soup pot and bring the liquid to a simmer
  over medium heat Add each vegetable to the pot as you prepare it; peel the
  potato and turnip and cut them into 3/4 inch chunks. Dice the celery, peel
  and slice the carrots into rounds, 3/4 inch thick.
  
  When all of the vegetables are in, bring the liquid to a boil, then cover
  and reduce the heat and simmer gently for 30 minutes.
  
  Meanwhile thinly slice the scallions, including 4 inches of the green tops.
  Rinse and coarsely chop the escarole.
  
  Add the beans to the soup; season to taste with salt and pepper. Simmer,
  covered 15 minutes longer. Add the escarole and scallions and simmer until
  wilted, about 2 minutes.
  
  Adjust the seasoning and serve very hot with grated Parmesan on the side.
  
  Yield: 4 to 6 servings
  
  Posted to recipelu-digest by molony &lt;molony@scsn.net&gt; on Mar 09, 1998
 
</step></directions></recipe></recipeml>
