<?xml version="1.0" encoding="UTF-8"?>

<recipeml version="0.5">
  <recipe>
    <head>
      <title>Barley, Corn, Roasted Poblano and Cherry Tomato Salad</title>
      <categories>
        <cat>Cooking liv</cat>
        <cat>Import</cat></categories>
      <yield>1</yield></head>
    <ingredients>
      <ing>
        <amt>
          <qty>1</qty>
          <unit>cup</unit></amt>
        <item>Medium-grain barley</item></ing>
      <ing>
        <amt>
          <qty/>
          <unit/></amt>
        <item>Salt</item></ing>
      <ing>
        <amt>
          <qty>1</qty>
          <unit/></amt>
        <item>Poblano chile, roasted, peeled and diced</item></ing>
      <ing>
        <amt>
          <qty>3</qty>
          <unit>tablespoons</unit></amt>
        <item>White wine vinegar</item></ing>
      <ing>
        <amt>
          <qty>1</qty>
          <unit/></amt>
        <item>Clove garlic</item></ing>
      <ing>
        <amt>
          <qty>1/2</qty>
          <unit/></amt>
        <item>Jalapeno, seeded and coarsely chopped, or to taste</item></ing>
      <ing>
        <amt>
          <qty>1</qty>
          <unit>cup</unit></amt>
        <item>Packed cilantro leaves</item></ing>
      <ing>
        <amt>
          <qty>1/4</qty>
          <unit>cups</unit></amt>
        <item>Plus 2 tablespoons vegetable oil</item></ing>
      <ing>
        <amt>
          <qty/>
          <unit/></amt>
        <item>Salt and freshly ground black pepper</item></ing>
      <ing>
        <amt>
          <qty>4</qty>
          <unit/></amt>
        <item>Scallions, chopped</item></ing>
      <ing>
        <amt>
          <qty>1 1/2</qty>
          <unit>cups</unit></amt>
        <item>Cooked fresh corn kernels</item></ing>
      <ing>
        <amt>
          <qty>1</qty>
          <unit>pint</unit></amt>
        <item>Red cherry tomatoes, halved or quartered</item></ing></ingredients>
    <directions>
      <step>  In a large pot bring 6 cups water to a boil, stir in the barley and salt.
  Reduce the heat, cover and simmer the barley for 40 minutes or until
  tender. Drain the barley and rinse with cold water until it is thoroughly
  cooled, drain well. In a blender combine the white wine vinegar, garlic,
  jalapeno, cilantro and vegetable oil and blend until smooth. Season to
  taste with salt and pepper.
  
  In a large bowl combine the cooked barley and the dressing, mixing well.
  Stir in the scallions, corn and tomatoes and season to taste. Chill the
  salad, covered, and serve.
  
  Yield: 4 to 6 servings
  
  Recipe by: Cooking Live Show #8891 Posted to MC-Recipe Digest V1 #628 by
  "Angele and Jon Freeman" &lt;jfreeman@netusa1.net&gt; on May 31, 1997
 
</step></directions></recipe></recipeml>
