<?xml version="1.0" encoding="UTF-8"?>

<recipeml version="0.5">
  <recipe>
    <head>
      <title>Barley and Pine Nut Casserole</title>
      <categories>
        <cat>Casseroles</cat>
        <cat>Harned 1994</cat>
        <cat>Nuts</cat>
        <cat>Rice/grains</cat>
        <cat>Side dish</cat></categories>
      <yield>1</yield></head>
    <ingredients>
      <ing-div>
        <title/>
        <ing>
          <amt>
            <qty>1</qty>
            <unit>cup</unit></amt>
          <item>Pearl barley</item></ing>
        <ing>
          <amt>
            <qty>1/4</qty>
            <unit>cups</unit></amt>
          <item>+ 2 tb. margarine; divided</item></ing>
        <ing>
          <amt>
            <qty>1/3</qty>
            <unit>cups</unit></amt>
          <item>Pine nuts</item></ing>
        <ing>
          <amt>
            <qty>1</qty>
            <unit>medium</unit></amt>
          <item>Onion; chopped</item></ing>
        <ing>
          <amt>
            <qty>1/2</qty>
            <unit>cups</unit></amt>
          <item>Fresh parsley; minced</item></ing>
        <ing>
          <amt>
            <qty>1/4</qty>
            <unit>cups</unit></amt>
          <item>Fresh chives; minced</item></ing>
        <ing>
          <amt>
            <qty>1/4</qty>
            <unit>teaspoons</unit></amt>
          <item>Each salt and pepper</item></ing>
        <ing>
          <amt>
            <qty>2</qty>
            <unit>cans</unit></amt>
          <item>Beef broth (14.5 oz. each) undiluted</item></ing></ing-div>
      <ing-div>
        <title>GARNISH</title>
        <ing>
          <amt>
            <qty/>
            <unit/></amt>
          <item>Fresh parsley sprigs</item></ing></ing-div></ingredients>
    <directions>
      <step>  Rinse barley in cold water; drain well.  Set aside.
  
  Melt 2 tb. margarine in a medium skillet over medium heat; add pine nuts
  and cook until lightly toasted, stirring constantly. Remove pine nuts with
  a slotted spoon; set aside.
  
  Heat remaining 1/4 cup margarine in skillet until melted; add reserved
  barley and onion.  Cook, stirring constantly, until barley is lightly
  toasted and onion is tender. Remove from heat; stir in toasted pine nuts,
  parsley, chives, salt and pepper.  Spoon barley mixture into a 1 1/2 qt.
  casserole.
  
  Bring beef broth to a boil in a medium saucepan; pour broth over barley
  mixture in casserole and stir well. Bake, uncovered, at 375 F. for 1 hour
  and 10 minutes or until barley is tender and liquid is absorbed. Garnish
  casserole with fresh parsley sprigs, if desired.
  
  Yield: 6 to 8 servings.
  
  From _Favorite Recipes_ by The Sponsor's Club, Robert Louis Stevenson
  School/Pebble Beach, CA.  In _America's Best Recipes: A 1989 Hometown
  Collection_. Birmingham, AL: Oxmoor House, Inc., 1989. Pp. 216-217. ISBN
  0-8487-0765-6.  Electronic format by Cathy Harned. Submitted By
  CCH@SALATA.COM (CATHY HARNED) On 15 JAN 96 132555 -0800
  
  From Gemini's MASSIVE MealMaster collection at www.synapse.com/~gemini
 
</step></directions></recipe></recipeml>
