<?xml version="1.0" encoding="UTF-8"?>

<recipeml version="0.5">
  <recipe>
    <head>
      <title>Barley-Lentil Shepherd's Pie</title>
      <categories>
        <cat>Vegetable</cat></categories>
      <yield>6</yield></head>
    <ingredients>
      <ing>
        <amt>
          <qty>2 1/2</qty>
          <unit>cups</unit></amt>
        <item>Of water</item></ing>
      <ing>
        <amt>
          <qty>1</qty>
          <unit>cup</unit></amt>
        <item>Lentils</item></ing>
      <ing>
        <amt>
          <qty>1/2</qty>
          <unit>cups</unit></amt>
        <item>Barley</item></ing>
      <ing>
        <amt>
          <qty>1 1/2</qty>
          <unit>cups</unit></amt>
        <item>Vegetable broth</item></ing>
      <ing>
        <amt>
          <qty>2</qty>
          <unit>large</unit></amt>
        <item>Diced carrots or any veggie that you chose. Frozen mixed veggies work well too.</item></ing>
      <ing>
        <amt>
          <qty>2</qty>
          <unit>large</unit></amt>
        <item>Chopped onions</item></ing>
      <ing>
        <amt>
          <qty>1</qty>
          <unit>cup</unit></amt>
        <item>Chopped mushrooms</item></ing>
      <ing>
        <amt>
          <qty>1</qty>
          <unit>can</unit></amt>
        <item>(28-oz) tomatoes; chopped (reserve liquid in case you need to add extra later)</item></ing>
      <ing>
        <amt>
          <qty>2</qty>
          <unit/></amt>
        <item>To</item></ing>
      <ing>
        <amt>
          <qty>3</qty>
          <unit/></amt>
        <item>Cloves garlic; crushed</item></ing>
      <ing>
        <amt>
          <qty>2</qty>
          <unit>tablespoons</unit></amt>
        <item>Flour</item></ing>
      <ing>
        <amt>
          <qty>2</qty>
          <unit>teaspoons</unit></amt>
        <item>Parsley</item></ing>
      <ing>
        <amt>
          <qty>6</qty>
          <unit/></amt>
        <item>Potatoes cooked and mashed (with water or soy milk for VEGAN or with evaporated skim milk for LACTO-OVO)</item></ing>
      <ing>
        <amt>
          <qty/>
          <unit/></amt>
        <item>Salt and pepper</item></ing></ingredients>
    <directions>
      <step>  Date: Thu, 28 Mar 96 15:52 PST
  
  From: ddevries@wimsey.com (David DeVries)
  To Zoe Sodja who was looking for a vegan shepherd's pie recipe. This is one
  I make all the time, even my kids will eat it and that's saying something.
  
  Bring water to a boil, add lentils and barley. Cover and simmer for 30
  minutes until water is absorbed.  Heat broth in dutch oven, add garlic,
  carrot or other veggies and onion and cook until tender. Add tomatoes,
  mushrooms and spices and cook for 5 minutes. Mix flour with a little bit of
  water and add to the mixture. Stir and cook over low heat until thickened
  adding some of the reserved tomato liquid if necessary. Add barley and
  lentils and combine well. Top with mashed potatoes and sprinkle with salt &amp;
  pepper, cornflake crumbs or whatever you wish and bake at 350 degrees for
  30 minutes (45 minutes if made ahead and at room temp.)
  
  This recipe feeds 6 to 10 people, depending on whether you have a salad
  with it. You can also divide it among 3 or 4 containers and freeze for
  later.
  
  FATFREE DIGEST V96 #87
  
  From the Fatfree Vegetarian recipe list.  Downloaded from Glen's MM Recipe
  Archive, http://www.erols.com/hosey.
 
</step></directions></recipe></recipeml>
