<?xml version="1.0" encoding="UTF-8"?>

<recipeml version="0.5">
  <recipe>
    <head>
      <title>Barley Casserole</title>
      <categories>
        <cat>Casseroles</cat></categories>
      <yield>6</yield></head>
    <ingredients>
      <ing>
        <amt>
          <qty>1/2</qty>
          <unit>pounds</unit></amt>
        <item>Fresh mushrooms</item></ing>
      <ing>
        <amt>
          <qty>1</qty>
          <unit>large</unit></amt>
        <item>Onion, finely chopped</item></ing>
      <ing>
        <amt>
          <qty>4</qty>
          <unit>tablespoons</unit></amt>
        <item>Butter</item></ing>
      <ing>
        <amt>
          <qty>1</qty>
          <unit>cup</unit></amt>
        <item>Barley</item></ing>
      <ing>
        <amt>
          <qty/>
          <unit/></amt>
        <item>Salt and pepper</item></ing>
      <ing>
        <amt>
          <qty>3</qty>
          <unit>cups</unit></amt>
        <item>Beef broth</item></ing>
      <ing>
        <amt>
          <qty/>
          <unit/></amt>
        <item>Slivered almonds, toasted</item></ing></ingredients>
    <directions>
      <step>  Saute mushrooms and onions in butter. Don't let onions brown. Mix in
  barley, salt and pepper. Pour into buttered 1 1/2 qt casserole. Cover with
  broth to 1/2 inch above barley. Cover and bake at 350 degrees for 45
  minutes, until liquid is absorbed and barley is tender. Garnish with
  almonds.
  
  SOURCE: National Cooking Echo 04/19/90 Contributed to the echo by: Ellen
  Cleary
  
  From Gemini's MASSIVE MealMaster collection at www.synapse.com/~gemini
 
</step></directions></recipe></recipeml>
