<?xml version="1.0" encoding="UTF-8"?>

<recipeml version="0.5">
  <recipe>
    <head>
      <title>Barley Loaf - Churchill</title>
      <categories>
        <cat>Bread machi</cat>
        <cat>Low fat</cat>
        <cat>Bread maili</cat>
        <cat>Want to try</cat></categories>
      <yield>12</yield></head>
    <ingredients>
      <ing>
        <amt>
          <qty>1 1/2</qty>
          <unit>teaspoons</unit></amt>
        <item>Active Dry Yeast</item></ing>
      <ing>
        <amt>
          <qty>1/2</qty>
          <unit>cups</unit></amt>
        <item>Barley Flour</item></ing>
      <ing>
        <amt>
          <qty>2</qty>
          <unit>cups</unit></amt>
        <item>Bread Flour</item></ing>
      <ing>
        <amt>
          <qty>1/4</qty>
          <unit>cups</unit></amt>
        <item>Gluten Flour; 100%</item></ing>
      <ing>
        <amt>
          <qty>1 1/4</qty>
          <unit>teaspoons</unit></amt>
        <item>Salt</item></ing>
      <ing>
        <amt>
          <qty>1</qty>
          <unit>teaspoon</unit></amt>
        <item>Honey</item></ing>
      <ing>
        <amt>
          <qty>1</qty>
          <unit>cup</unit></amt>
        <item>Water</item></ing>
      <ing>
        <amt>
          <qty>1</qty>
          <unit>teaspoon</unit></amt>
        <item>Sugar</item></ing>
      <ing>
        <amt>
          <qty>1</qty>
          <unit>teaspoon</unit></amt>
        <item>Margarine</item></ing></ingredients>
    <directions>
      <step>  (Revised) Put into breadmachine and start.
  
  Formatted into MasterCook by Reggie Dwork &lt;reggie@reggie.com&gt;
  
  Recipe by: Pat.Churchill@bbs.actrix.gen.nz Posted to Digest
  bread-bakers.v097.n051 by Reggie Dwork &lt;reggie@reggie.com&gt; on Aug 08, 1997
 
</step></directions></recipe></recipeml>
