<?xml version="1.0" encoding="UTF-8"?>

<recipeml version="0.5">
  <recipe>
    <head>
      <title>Barley Basil Pilaf</title>
      <categories>
        <cat>Rice</cat></categories>
      <yield>7</yield></head>
    <ingredients>
      <ing>
        <amt>
          <qty>2</qty>
          <unit>teaspoons</unit></amt>
        <item>Vegetable Oil</item></ing>
      <ing>
        <amt>
          <qty>1</qty>
          <unit>cup</unit></amt>
        <item>Pearl barley; uncooked</item></ing>
      <ing>
        <amt>
          <qty>2</qty>
          <unit>cups</unit></amt>
        <item>Chicken Broth</item></ing>
      <ing>
        <amt>
          <qty>1/2</qty>
          <unit>teaspoons</unit></amt>
        <item>Salt</item></ing>
      <ing>
        <amt>
          <qty>1/3</qty>
          <unit>cups</unit></amt>
        <item>Fresh basil; minced</item></ing>
      <ing>
        <amt>
          <qty>1/4</qty>
          <unit>cups</unit></amt>
        <item>Green onion; thickly slice</item></ing>
      <ing>
        <amt>
          <qty>1/8</qty>
          <unit>teaspoons</unit></amt>
        <item>Ground Nutmeg</item></ing></ingredients>
    <directions>
      <step>  1. Heat oil in a 1 wuart saucepan over medium heat. Add barley and cook for
  5 minutes; stirring to coat well.
  
  2. Add chicken broth and salt, bring to a boil; cover and reduce heat.
  
  3. Simmer for 30 minutes or until barley is tender and liquid is absorbed.
  
  4. Remove from heat, stir in basil and nutmeg.
  
  Notes: Use in place of any rice side dish. You can substantially reduce the
  sodium in this by using low sodium chicken broth or homemade. Per Serving:
  140 calories, 2.4 grams of fat, 23 grams of carbohydrates, 4.6 grams of
  dietary fibre, 17 grams potassium, 15.7% CFF
  
  &gt;From the Recipe Files of RecipeLu &lt;recipelu@recipelu.com&gt;
  Posted to MC-Recipe Digest by RecipeLu &lt;recipelu@geocities.com&gt; on Mar 08,
  1998
 
</step></directions></recipe></recipeml>
