<?xml version="1.0" encoding="UTF-8"?>

<recipeml version="0.5">
  <recipe>
    <head>
      <title>Barnes' Best Eggnog</title>
      <categories>
        <cat>Beverages</cat>
        <cat>Christmas</cat>
        <cat>Posted to l</cat></categories>
      <yield>10</yield></head>
    <ingredients>
      <ing>
        <amt>
          <qty>3/4</qty>
          <unit>cups</unit></amt>
        <item>Sugar</item></ing>
      <ing>
        <amt>
          <qty>12</qty>
          <unit>large</unit></amt>
        <item>Eggs; separated</item></ing>
      <ing>
        <amt>
          <qty>1/2</qty>
          <unit>teaspoons</unit></amt>
        <item>Salt</item></ing>
      <ing>
        <amt>
          <qty>1</qty>
          <unit>quart</unit></amt>
        <item>Milk</item></ing>
      <ing>
        <amt>
          <qty>1</qty>
          <unit>cup</unit></amt>
        <item>Heavy cream</item></ing>
      <ing>
        <amt>
          <qty>1/2</qty>
          <unit>cups</unit></amt>
        <item>Brandy</item></ing>
      <ing>
        <amt>
          <qty>1/2</qty>
          <unit>cups</unit></amt>
        <item>Light rum</item></ing></ingredients>
    <directions>
      <step>  1.  In top of double boiler over simmering water, blend 1/2 cup sugar, egg
  yolks and salt.  Gradually stir inmilk and cook, stirring constantly, until
  thick enough to coat back of spoon.  Remove from heat, cool, cover, and
  chill.  (May be prepared in advance up to this point)
  
  2.  Beat egg whites until stiff peaks form.  Beat in remaining 1/4 cup
  sugar.
    In separate chilled bowl, whip cream until stiff peaks form.
  
  3.  Pour chilled egg mixture into large punch bowl, then stir in brandy and
  rum.  Fold in egg whites and then the whipped cream.
  
  4.  Ladle into punch glasses and dust each serving with grated nutmeg.
  
  For an alcohol-free version, omit brandy and rum and substitute 1 cup of
  milk and 1 tsp rum extract. Contributor: "The Holidays" John Hadamuscin
  
  Posted to recipelu-digest Volume 01 Number 377 by "Cathleen"
  &lt;catht@interlog.com&gt; on Dec 17, 1997
 
</step></directions></recipe></recipeml>
