<?xml version="1.0" encoding="UTF-8"?>

<recipeml version="0.5">
  <recipe>
    <head>
      <title>Barth's At the Bridge Chicken Breast Victoria</title>
      <categories>
        <cat>None</cat></categories>
      <yield>1</yield></head>
    <ingredients>
      <ing>
        <amt>
          <qty>3/4</qty>
          <unit>cups</unit></amt>
        <item>Butter;, (divided)</item></ing>
      <ing>
        <amt>
          <qty>1</qty>
          <unit>cup</unit></amt>
        <item>Flour;, (divided)</item></ing>
      <ing>
        <amt>
          <qty>2</qty>
          <unit>cups</unit></amt>
        <item>Whipping cream</item></ing>
      <ing>
        <amt>
          <qty>4</qty>
          <unit/></amt>
        <item>Boneless; skinless chicken breasts, (6 ounces each)</item></ing>
      <ing>
        <amt>
          <qty>1/2</qty>
          <unit>teaspoons</unit></amt>
        <item>Salt</item></ing>
      <ing>
        <amt>
          <qty>1/4</qty>
          <unit>teaspoons</unit></amt>
        <item>Pepper</item></ing>
      <ing>
        <amt>
          <qty>1</qty>
          <unit>cup</unit></amt>
        <item>Sliced mushrooms</item></ing>
      <ing>
        <amt>
          <qty>1</qty>
          <unit/></amt>
        <item>Shallot; minced</item></ing>
      <ing>
        <amt>
          <qty>8</qty>
          <unit>ounces</unit></amt>
        <item>Small shrimp; peeled, deveined</item></ing>
      <ing>
        <amt>
          <qty>4</qty>
          <unit>ounces</unit></amt>
        <item>Crab meat</item></ing>
      <ing>
        <amt>
          <qty>1/2</qty>
          <unit>cups</unit></amt>
        <item>Dry white wine</item></ing></ingredients>
    <directions>
      <step>  In large saucepan, melt 1/4 cup butter and stir in 1/4 cup flour to make a
  roux. In another pan, heat cream. Slowly add cream to roux and stir over
  medium heat until sauce thickens. Set aside. Pound chicken breasts to
  flatten and dredge in 3/4 cup flour that has been seasoned with salt and
  pepper. Heat 1/4 cup butter in a 10- to 12-inch skillet, add chicken and
  saute until golden brown, about 4 minutes per side. Remove chicken to
  serving plate and keep warm in low oven. Melt remaining butter in same
  skillet. Add mushrooms and shallot, saute 2 to 3 minutes. Add shrimp and
  crab meat. Cook until shrimp is opaque. Add wine, bring to brisk boil. Turn
  heat to low, add reserved cream sauce and cook until mixture thickens to
  consistency of heavy cream soup. Pour sauce over chicken and serve. Makes 4
  servings. Source: Milwaukee Journal
  
  Posted to recipelu-digest by QueenBerta@aol.com on Feb 6, 1998
 
</step></directions></recipe></recipeml>
